{
  "name": "C:\\Users\\chauy\\AppData\\Roaming\\.tlauncher\\legacy\\Minecraft\\game\\versions",
  "resolution": {
    "width": 800,
    "height": 400,
    "fullscreen": false
  },
  "minMemory": 0,
  "maxMemory": 0,
  "vmOptions": [],
  "mcOptions": [],
  "url": "",
  "icon": "",
  "runtime": {
    "minecraft": "1.8.8",
    "forge": "",
    "liteloader": "",
    "fabricLoader": "",
    "yarn": "",
    "optifine": "",
    "quiltLoader": ""
  },
  "java": "C:\\Users\\chauy\\java-zulu8.70.0.23-ca-jdk8.0.372-win_x64\\zulu8.70.0.23-ca-jdk8.0.372-win_x64\\bin\\java.exe",
  "version": "",
  "server": null,
  "author": "",
  "description": "",
  "lastAccessDate": 1685970141202,
  "creationDate": 1685970139754,
  "modpackVersion": "",
  "fileApi": "",
  "tags": [],
  "assignMemory": false,
  "lastPlayedDate": 1685971007785,
  "playtime": 22554
}